target_log,learning_rate,max_iter,r2,mae,rmse
True,0.01,50,0.41176961757134767,741.9684065836179,1164.3111371248526
False,0.01,50,0.5280085449168364,727.6032641120878,1042.9473709147987
True,0.01,100,0.6462296869550985,488.52085237704284,902.9340244955234
False,0.01,100,0.7252438758021251,453.5082452574755,795.7360179153884
True,0.01,200,0.8035505394532567,224.42616272445625,672.8538563233137
False,0.01,200,0.8240193874561386,206.86080026668748,636.8361938471428
True,0.01,400,0.8395888135163684,106.26349193676052,608.0127004140192
False,0.01,400,0.8374396688162817,138.73958377530238,612.0721418141028
True,0.01,800,0.8423107700301403,108.98278910564223,602.8320609860127
False,0.01,800,0.8322635714114451,169.9680330750454,621.7403043859501
True,0.03,50,0.7571062751139409,322.5321374002329,748.175483647492
False,0.03,50,0.7990305476153206,290.2437725654261,680.5504885570459
True,0.03,100,0.8333727651671217,130.8450948601663,619.6811979137705
False,0.03,100,0.8368878026456996,146.3513894113111,613.1102047699926
True,0.03,200,0.8421361271121505,104.99754607436843,603.1657908688097
False,0.03,200,0.8354070367021404,152.9613375557479,615.8868872066033
True,0.03,400,0.8419709813871672,117.07481612828583,603.4812025344438
False,0.03,400,0.8285223608758872,187.59582106691056,628.6357470674856
True,0.03,800,0.8394243763515271,139.7045979721599,608.3242568511585
False,0.03,800,0.8211842146143904,216.08054342972864,641.9456389037512
True,0.05,50,0.8259536860779848,158.70776766991486,633.3266168034369
False,0.05,50,0.8344450976436901,161.15915832267186,617.6839948888592
True,0.05,100,0.8413942015478129,104.85885146188077,604.5815028703832
False,0.05,100,0.8360527224404427,154.94013875177052,614.6776612923085
True,0.05,200,0.8420346511166553,117.07554461399397,603.3596193080547
False,0.05,200,0.8294873713173313,186.80042842494453,626.8643908797138
True,0.05,400,0.8401305798621017,134.44551987249122,606.9850931035569
False,0.05,400,0.8229057173346948,211.22831782585305,638.8480828489694
True,0.05,800,0.8368014675098514,154.1503309583015,613.2724426381271
False,0.05,800,0.8161855663017106,240.57202465398305,650.8563267441594
True,0.1,50,0.8410314159911132,104.1603641916333,605.272549981747
False,0.1,50,0.831416342095669,176.3747546909736,623.3085180874709
True,0.1,100,0.8416671895306342,114.64572023725653,604.0609841856897
False,0.1,100,0.8251560860194267,201.01136181918577,634.7761273710029
True,0.1,200,0.8404193000991296,127.7082597508376,606.4367453484914
False,0.1,200,0.8207699106181703,213.8671031902424,642.6888808049449
True,0.1,400,0.836338194548882,153.30927849653813,614.1422764338043
False,0.1,400,0.8126783205221215,243.18658273846586,657.0362740146242
True,0.1,800,0.8315406142942967,174.89359586069298,623.0787384007124
False,0.1,800,0.8019233928616872,271.05981262152295,675.634658405927
